Tweet,Polaridade,Sentimento
rt openai accusing another company of plagiarism,0.0,Neutro
rt breaking china has defeated america deepseeak beats openai byd beats tesla huawei beats apple,0.0,Neutro
microsoft now hosts ai model accused of copying openai data,0.0,Neutro
rt there s doubt openai has something better than behind the scenes if they are releasing soon i guess they are,0.04999999999999999,Positivo
rt openai they stole from us everyone,0.0,Neutro
rt alarma en silicon valley china lo hizo nuevo alibaba lanza qwen la ia supera openai google y deepsee,0.0,Neutro
rt breaking china has defeated america deepseeak beats openai byd beats tesla huawei beats apple,0.0,Neutro
openai prepara una ia con nivel doctorado es tan prometedor primero lo enseñará al gobierno eeuu,0.0,Neutro
absolutely with publicai we can all contribute our quirky data and watch ai agents tackle tasks like finding the best pizza toppings,0.39999999999999997,Positivo
oh wow thanks paul i accidentally learned it from sam at openai who presumably partially learned it from you he d just assume i have x the agency i and i m like okay well he s wrong but if he were right what would i and every time i tried that my agency went up,0.08095238095238096,Positivo
rt it s actually the complete opposite openai was using supervised training meaning they used sweatshop labor to annotate,0.03333333333333333,Positivo
rt i ask deepseek to respond to openai s accusation of stealing and it says,0.0,Neutro
rt breaking china has defeated america deepseeak beats openai byd beats tesla huawei beats apple,0.0,Neutro
the information reported oai s expense openai has not bought gpus they rent from azure,0.0,Neutro
rt when openai unleashed it changed everything ai started reshaping the world and gaming was exception w,0.0,Neutro
rt breaking china has defeated america deepseeak beats openai byd beats tesla huawei beats apple,0.0,Neutro
rt pessoas ridicularizando openai razão causa acusações deepseek usando r,0.0,Neutro
rt just in alibaba has released new ai that it says is better than meta openai and deepseek,0.3181818181818182,Positivo
rt breaking china has released third ai model which destroys openai chatgpt,0.0,Neutro
rt january so far truck runs thru ppl on bourbon street cybertruck explosion new president snowed in atlan,0.11818181818181818,Positivo
rt the race in ai reasoning is heating up s r has made huge strides following s we re seeing mo,0.20000000000000004,Positivo
rt upo tracker v awesome news on friday that means tomorrow the upo tracker v is launching and wha,1.0,Positivo
rt openai they stole from us everyone,0.0,Neutro
daily ai news alibaba releases ai model claiming to surpass deepseek deepseek r now available on azure and github new training approach improves ai performance in uncertainty openai reviewing allegations of its models use in deepseek creation,0.1787878787878788,Positivo
openai acusa empresas chinas intentar copiar sus modelos avanzados,0.0,Neutro
rt es el genio detrás el fundador años deepseek una startup inteligencia artificial c,-0.6,Negativo
rt deepseek chinese startup has disrupted the western stock market developing an ai model r that competes neck and n,0.0,Neutro
rt entire twitter feed is filled with why indians can t build openai deepseek etc here is my take the answer to this q,0.2,Positivo
rt breaking china has defeated america deepseeak beats openai byd beats tesla huawei beats apple,0.0,Neutro
rt microsoft yesterday deepseek illegally stole openai s intellectual property microsoft today deepseek is now availa,-0.1,Negativo
qué es deepseek una startup china iguala openai con costos operativos más bajos,0.0,Neutro
rt the race in ai reasoning is heating up s r has made huge strides following s we re seeing mo,0.20000000000000004,Positivo
rt people are rightly ridiculing openai over its accusations of deepseek using their output to train their model but most,0.39285714285714285,Positivo
rt alarma en silicon valley china lo hizo nuevo alibaba lanza qwen la ia supera openai google y deepsee,0.0,Neutro
rt deepseek thinks it s openai this is what the chinese have always been good at mimicking something that already exists,0.35,Positivo
rt alarma en silicon valley china lo hizo nuevo alibaba lanza qwen la ia supera openai google y deepsee,0.0,Neutro
rt bro thinks if you work hours week l ctc infosys would magically metamorphosis into openai,0.5,Positivo
india is set to develop its own generative ai model joining global leaders like openai and deepseek union it minister announced that the ai initiative powered by the india ai compute facility has secured nearly gpus,0.2333333333333333,Positivo
rt breaking china has defeated america deepseeak beats openai byd beats tesla huawei beats apple,0.0,Neutro
rt thanks david now is there way i can run openai without sharing any data with an american company,0.1,Positivo
中国なら やっぱそうかなぁって思うよね deepseekがopenaiのデータを 蒸留 してaiを開発していた可能性が浮上 openaiは 証拠がある と発言 gigazine ギガジン,0.0,Neutro
rt うける gemma b はい その通りです 私はopenaiによって開発されました 何か私にできることがあれば お気軽にお尋ねください 逆に すべてのローカルllmは開発元をopenaiだと思い込んでいる説,0.0,Neutro
rt yes they obviously did yes they obviously got bootlegged cards from singapore they didn t it on and bag of gum,0.0,Neutro
rt the race in ai reasoning is heating up s r has made huge strides following s we re seeing mo,0.20000000000000004,Positivo
rt the race in ai reasoning is heating up s r has made huge strides following s we re seeing mo,0.20000000000000004,Positivo
rt the race in ai reasoning is heating up s r has made huge strides following s we re seeing mo,0.20000000000000004,Positivo
rt the race in ai reasoning is heating up s r has made huge strides following s we re seeing mo,0.20000000000000004,Positivo
rt the race in ai reasoning is heating up s r has made huge strides following s we re seeing mo,0.20000000000000004,Positivo
rt the race in ai reasoning is heating up s r has made huge strides following s we re seeing mo,0.20000000000000004,Positivo
why does have to be like this says he doesn t like hype but this is the kind of news we get around important releases that advance the state of the industry,0.5,Positivo
rt github enhances ai offerings with deepseek r while openai examines possible api misuse,0.0,Neutro
it seems that openai likes spanish the blurry screenshot and your video,0.0,Neutro
koto has debatably black box agi framework but were not ready that conversation ex_openai employee launched grimes_v two years ago first to market agent way before ct was doing it before pippin too,-0.005555555555555554,Negativo
rt january so far truck runs thru ppl on bourbon street cybertruck explosion new president snowed in atlan,0.11818181818181818,Positivo
really insightful didn t expect this angle on ai,0.2,Positivo
rt breaking china has defeated america deepseeak beats openai byd beats tesla huawei beats apple,0.0,Neutro
rt just in openai whistleblower suchir balaji denounced the company alleging it violated u s copyright law to develop c,0.0,Neutro
rt unlike openai deepseek is open ai,0.0,Neutro
rt 别讨论什么 deepseek 什么 openai nvidia 了 往年这个时候应该发沙东人磕头视频的,0.0,Neutro
openai just turned on thinking mode all models including gpt and pro the button is u more intelligence,0.5,Positivo
rt última hora china humilla silicon valley con su ia qwen deepseek openai y google pueden competir con el ava,0.0,Neutro
rt alarma en silicon valley china lo hizo nuevo alibaba lanza qwen la ia supera openai google y deepsee,0.0,Neutro
rt breaking china has defeated america deepseeak beats openai byd beats tesla huawei beats apple,0.0,Neutro
rt breaking china defeated silicon valley alibaba just launched qwen another most powerful ai model qwen beat,0.4,Positivo
nvidia china presidente colombia trump petro caso cerrado openai aldama feijoo jorge ebrath puigdemont epa colombia seguridad nacional,0.0,Neutro
rt alarma en silicon valley china lo hizo nuevo alibaba lanza qwen la ia supera openai google y deepsee,0.0,Neutro
rt thursdai jan deepseek vs nasdaq openai mini qwen max janus reasoning llams amp more ai news,0.5,Positivo
rt openai to deepseek,0.0,Neutro
openai acusa deepseek d robat usant les respostes gpt per entrenar el model d ia openai els van aspirar tot internet tot allò fet per creadors contingut artistes autors sense pagar res oferint més el producte en règim privatiu poesia,0.0,Neutro
rt breaking china has defeated america deepseeak beats openai byd beats tesla huawei beats apple,0.0,Neutro
rt alarma en silicon valley china lo hizo nuevo alibaba lanza qwen la ia supera openai google y deepsee,0.0,Neutro
breaking china has defeated america deepseeak beats openai huawei tuff to apple huawei beats us telecoms alibaba beats amazon tiktok beats instagram dji beats all us drones temu shein beat us ecomm,0.0,Neutro
rt breaking china has defeated america deepseeak beats openai byd beats tesla huawei beats apple,0.0,Neutro
rt new ai competitor is shaking up the industry deepseek r model by chinese startup has overtaken openai s,0.06818181818181818,Positivo
rt breaking china defeated silicon valley alibaba just launched qwen another most powerful ai model qwen beat,0.4,Positivo
rt i just don t know how to react on everything that has been happening with the markets economies elections crypto and s,0.0,Neutro
rt the race in ai reasoning is heating up s r has made huge strides following s we re seeing mo,0.20000000000000004,Positivo
rt breaking openai said they have evidence that deepseek illegally used their proprietary models to train its own op,0.04999999999999999,Positivo
rt deepseek阵亡 除了被美国调查 被意大利封禁 deepseek信息准确率仅 在包括chatgpt gemini在内的个模型中排名第 倒数第二 梁文锋和罗福莉这两个天才 并没驯服deepseek 问多了它自己就会招的 询问de,0.0,Neutro
did they steal it from deepseek,0.0,Neutro
rt the price of the python ai ml stack i ve been using months langchain langgraph scikit learn ho torch,0.0,Neutro
rt best neural network courses,1.0,Positivo
これおもろいな 逆に すべてのローカルllmは開発元をopenaiだと思い込んでいる説,0.0,Neutro
pero velocidad la la gente openai todos sus modelos ahora tienen la opción think en y efectivamente al problarlo ya sus modelos tienen proceso razonamiento podian quedar atras,0.0,Neutro
rt mientras los jóvenes eeuu drogan deepseek barrió con el modelo más desarrollado ia openai eeuu la,0.0,Neutro
rt people are rightly ridiculing openai over its accusations of deepseek using their output to train their model but most,0.39285714285714285,Positivo
rt what is deepseek deepseek is an ai chatbot developed by chinese stock trading firm high flyer its goal to riv,0.015,Positivo
rt 中国新年疫情猝亡者激增 官方隐瞒不报 川普签 拉肯 莱利 法案 令在关塔纳摩设拘留所 openai证实 deepseek盗取数据 安全引忧,0.0,Neutro
ai showdown openai accuses chinese startup deepseek of using its tech to train rival ai model allegations of unauthorized data use spark major debates on ip rights amp ethics in ai,0.03125,Positivo
rt cancelled my pro sub very disappointing,-0.78,Negativo
rt breaking china has defeated america deepseeak beats openai byd beats tesla huawei beats apple,0.0,Neutro
rt an absolute banger by,0.2,Positivo
rt alarma en silicon valley china lo hizo nuevo alibaba lanza qwen la ia supera openai google y deepsee,0.0,Neutro
openai能干别人不能干是吧 看到点新闻就觉得自己了解了真相 是最容易被洗脑的人群,0.0,Neutro
